"ZIP","NAME","Total","White","Black","Asian","Latinx","Other","White_key","Black_key","Asian_key","Latinx_key","Other_key","Population","Cases","Rate","Population_key","Cases_key","Rate_key"
"95404","Sonoma",40474,67.3914117705194,1.78139052231062,4.81296634876711,20.3982803775263,5.61595098087661,"67.39%","1.78%","4.81%","20.4%","5.62%",40424,80,197.9,"40,424","80","198"
"95441","Sonoma",2053,55.4310764734535,1.26643935703848,1.31514856307842,34.4861178762786,7.501217730151,"55.43%","1.27%","1.32%","34.49%","7.5%",-1,-1,106.6,"No Data","No Data","107"
"94956","Marin",1224,88.4803921568627,0,0,8.66013071895425,2.85947712418301,"88.48%","0%","0%","8.66%","2.86%",-1,-1,-1,"No Data","No Data","No Data"
"94513","Contra Costa",62991,54.1950437364068,6.39456430283691,10.1887571240336,21.9507548697433,7.27087996697941,"54.2%","6.39%","10.19%","21.95%","7.27%",-1,-1,-1,"No Data","No Data","No Data"
"95139","Santa Clara",7293,42.9315782256959,1.1517893870835,19.4981489099136,31.1394487865076,5.2790346907994,"42.93%","1.15%","19.5%","31.14%","5.28%",7293,75,1028," 7,293","75","1028"
"94158","San Francisco",7291,39.6653408311617,4.49869702372788,37.6628720340145,15.333973391853,2.8391167192429,"39.67%","4.5%","37.66%","15.33%","2.84%",7291,125,1714.44246331093," 7,291","125","1714"
"94089","Santa Clara",22313,28.0822838703895,2.33047998924394,43.804060413212,22.5518755882221,3.23130013893246,"28.08%","2.33%","43.8%","22.55%","3.23%",22313,241,1080,"22,313","241","1080"
"94575","Contra Costa",1170,51.4529914529914,4.61538461538462,9.82905982905983,22.1367521367521,11.965811965812,"51.45%","4.62%","9.83%","22.14%","11.97%",-1,-1,-1,"No Data","No Data","No Data"
"94720","Alameda",2971,32.2113766408617,1.91854594412656,47.5934028946483,13.5981151127566,4.67855940760687,"32.21%","1.92%","47.59%","13.6%","4.68%",1466,24,1637.10777626," 1,466","24","1637"
"95472","Sonoma",30762,83.3365840972629,0.84194785774657,1.86593849554645,9.44997074312463,4.50555880631949,"83.34%","0.84%","1.87%","9.45%","4.51%",28902,30,103.8,"28,902","30","104"
"95471","Sonoma",470,84.2553191489362,0,0,6.17021276595745,9.57446808510638,"84.26%","0%","0%","6.17%","9.57%",-1,-1,-1,"No Data","No Data","No Data"
"94550","Alameda",50500,67.9108910891089,1.53861386138614,9.57227722772277,16.409900990099,4.56831683168317,"67.91%","1.54%","9.57%","16.41%","4.57%",50668,574,1132.86492461,"50,668","574","1133"
"94132","San Francisco",31488,29.3064024390244,8.41590447154472,41.0696138211382,15.4249237804878,5.78315548780488,"29.31%","8.42%","41.07%","15.42%","5.78%",31488,295,936.864837398374,"31,488","295","937"
"94133","San Francisco",26527,39.2694236061371,0.870810871941795,50.2393787461831,6.9966449278094,2.62374184792853,"39.27%","0.87%","50.24%","7%","2.62%",26527,213,802.955479322954,"26,527","213","803"
"95421","Sonoma",1681,84.3545508625818,0,3.74776918500892,6.36525877453897,5.53242117787032,"84.35%","0%","3.75%","6.37%","5.53%",-1,-1,62.7,"No Data","No Data","63"
"94104","San Francisco",546,30.7692307692308,0,50.3663003663004,13.1868131868132,5.67765567765568,"30.77%","0%","50.37%","13.19%","5.68%",546,-1,-1,"   546","No Data","No Data"
"94111","San Francisco",3620,44.2265193370166,6.43646408839779,30.2209944751381,8.86740331491713,10.2486187845304,"44.23%","6.44%","30.22%","8.87%","10.25%",3620,26,718.232044198895," 3,620","26","718"
"95425","Sonoma",10586,64.3869261288494,0.859625921027773,3.71245040619686,27.7158511241262,3.32514641979974,"64.39%","0.86%","3.71%","27.72%","3.33%",11047,38,344,"11,047","38","344"
"94567","Napa",696,56.6091954022989,0,0,43.1034482758621,0.28735632183908,"56.61%","0%","0%","43.1%","0.29%",-1,-1,-1,"No Data","No Data","No Data"
"95439","Sonoma",774,38.8888888888889,0,1.03359173126615,53.8759689922481,6.2015503875969,"38.89%","0%","1.03%","53.88%","6.2%",-1,-1,943.4,"No Data","No Data","943"
"95053","Santa Clara",3678,51.9303969548668,3.67047308319739,20.1196302338227,16.9113648722132,7.36813485589995,"51.93%","3.67%","20.12%","16.91%","7.37%",3678,0,0," 3,678","0","0"
"95119","Santa Clara",10472,38.3880825057296,6.19747899159664,17.0263559969442,33.5275019098548,4.86058059587471,"38.39%","6.2%","17.03%","33.53%","4.86%",10472,108,1031,"10,472","108","1031"
"94571","Solano",9784,69.0719542109567,5.84627964022894,5.3965658217498,16.9358135731807,2.74938675388389,"69.07%","5.85%","5.4%","16.94%","2.75%",-1,-1,-1,"No Data","No Data","No Data"
"94019","San Mateo",20314,62.4544649010535,0.0984542679925175,6.20754159692823,28.9061730826031,2.33336615142266,"62.45%","0.1%","6.21%","28.91%","2.33%",-1,-1,-1,"No Data","No Data","No Data"
"94030","San Mateo",22710,34.2404227212682,0.700132100396301,47.7939233817701,11.9022457067371,5.36327608982827,"34.24%","0.7%","47.79%","11.9%","5.36%",-1,-1,-1,"No Data","No Data","No Data"
"94062","San Mateo",27757,72.4862196923299,0.925892567640595,8.05202291313903,14.0829340346579,4.45293079223259,"72.49%","0.93%","8.05%","14.08%","4.45%",-1,-1,-1,"No Data","No Data","No Data"
"94086","Santa Clara",49630,30.5661898045537,1.59379407616361,45.0110820068507,18.2691920209551,4.55974209147693,"30.57%","1.59%","45.01%","18.27%","4.56%",49630,467,941,"49,630","467","941"
"94110","San Francisco",74161,43.7264869675436,3.31710737449603,14.1327652000378,33.8398888903871,4.9837515675355,"43.73%","3.32%","14.13%","33.84%","4.98%",74161,2012,2713.01627540082,"74,161","2012","2713"
"94516","Contra Costa",148,77.027027027027,0,0,8.78378378378378,14.1891891891892,"77.03%","0%","0%","8.78%","14.19%",-1,-1,-1,"No Data","No Data","No Data"
"95476","Sonoma",36792,65.364753207219,0.557186344857578,2.28582300500109,27.1037181996086,4.68851924331376,"65.36%","0.56%","2.29%","27.1%","4.69%",36488,202,553.6,"36,488","202","554"
"94709","Alameda",11740,57.7001703577513,1.78023850085179,25.4855195911414,9.24190800681431,5.79216354344123,"57.7%","1.78%","25.49%","9.24%","5.79%",11734,47,400.54542356,"11,734","47","401"
"95113","Santa Clara",1939,49.1490458999484,9.90201134605467,30.5827746260959,8.56111397627643,1.80505415162455,"49.15%","9.9%","30.58%","8.56%","1.81%",1939,70,3610," 1,939","70","3610"
"94115","San Francisco",35004,52.7625414238373,9.4703462461433,22.1317563707005,8.53331047880242,7.10204548051651,"52.76%","9.47%","22.13%","8.53%","7.1%",35004,575,1642.66940921038,"35,004","575","1643"
"94117","San Francisco",44239,67.7298311444653,4.76502633422998,11.4310902145166,10.7800809240715,5.29397138271661,"67.73%","4.77%","11.43%","10.78%","5.29%",44239,370,836.366102307918,"44,239","370","836"
"94108","San Francisco",14550,31.3470790378007,2.38487972508591,55.9037800687285,6.64604810996564,3.71821305841924,"31.35%","2.38%","55.9%","6.65%","3.72%",14550,114,783.505154639175,"14,550","114","784"
"94972","Marin",23,100,0,0,0,0,"100%","0%","0%","0%","0%",-1,-1,-1,"No Data","No Data","No Data"
"94801","Contra Costa",29958,12.2037519193538,14.3000200280393,9.5800787769544,61.0087455771413,2.90740369851125,"12.2%","14.3%","9.58%","61.01%","2.91%",-1,-1,-1,"No Data","No Data","No Data"
"94564","Contra Costa",19200,33.5364583333333,9.83854166666667,26.59375,21.8489583333333,8.18229166666667,"33.54%","9.84%","26.59%","21.85%","8.18%",-1,-1,-1,"No Data","No Data","No Data"
"94038","San Mateo",3687,52.8342826145918,0.406834825061025,2.44100895036615,37.564415513968,6.75345809601302,"52.83%","0.41%","2.44%","37.56%","6.75%",-1,-1,-1,"No Data","No Data","No Data"
"94061","San Mateo",39624,48.4630526953362,1.22652937613568,9.2948717948718,36.6040783363618,4.41146779729457,"48.46%","1.23%","9.29%","36.6%","4.41%",-1,-1,-1,"No Data","No Data","No Data"
"94590","Solano",37377,25.7939374481633,25.4568317414453,11.8227787141825,30.623110469005,6.3033416272039,"25.79%","25.46%","11.82%","30.62%","6.3%",-1,-1,-1,"No Data","No Data","No Data"
"95013","Santa Clara",77,42.8571428571429,0,0,57.1428571428571,0,"42.86%","0%","0%","57.14%","0%",77,0,0,"    77","0","0"
"94025","San Mateo",42788,60.2014583528092,3.6972983079368,13.4336729924278,16.406469103487,6.26110124333925,"60.2%","3.7%","13.43%","16.41%","6.26%",-1,-1,-1,"No Data","No Data","No Data"
"94706","Alameda",21040,46.7633079847909,2.32414448669202,28.9876425855513,12.7661596958175,9.15874524714829,"46.76%","2.32%","28.99%","12.77%","9.16%",20331,87,427.9179578,"20,331","87","428"
"94850","Contra Costa",0,NA,NA,NA,NA,NA,"NaN%","NaN%","NaN%","NaN%","NaN%",-1,-1,-1,"No Data","No Data","No Data"
"94933","Marin",671,80.9239940387481,0.447093889716841,0,18.628912071535,0,"80.92%","0.45%","0%","18.63%","0%",-1,-1,-1,"No Data","No Data","No Data"
"94952","Sonoma",36184,73.5103913331859,0.953460092858722,1.97048419190803,19.2294936988724,4.33617068317488,"73.51%","0.95%","1.97%","19.23%","4.34%",33114,146,440.9,"33,114","146","441"
"94954","Sonoma",38414,67.545686468475,0.822616754308325,6.03425834331233,20.9142500130161,4.68318842088822,"67.55%","0.82%","6.03%","20.91%","4.68%",39261,102,259.8,"39,261","102","260"
"94973","Marin",1342,94.5603576751118,0,0,1.93740685543964,3.50223546944858,"94.56%","0%","0%","1.94%","3.5%",-1,-1,-1,"No Data","No Data","No Data"
"95020","Santa Clara",63852,31.5965044164631,1.11507861930715,8.43356511933847,56.4038714527344,2.45098039215686,"31.6%","1.12%","8.43%","56.4%","2.45%",63852,2148,3364,"63,852","2148","3364"
"95037","Santa Clara",51652,49.7599318516224,1.63982033609541,11.1960814682878,33.0248586695578,4.37930767443661,"49.76%","1.64%","11.2%","33.02%","4.38%",51652,874,1692,"51,652","874","1692"
"95117","Santa Clara",29592,37.3073803730738,5.57245201405785,23.8915923222493,28.4536361178697,4.77493917274939,"37.31%","5.57%","23.89%","28.45%","4.77%",29592,670,2264,"29,592","670","2264"
"95140","Santa Clara",115,71.304347826087,11.304347826087,0,17.3913043478261,0,"71.3%","11.3%","0%","17.39%","0%",115,0,0,"   115","0","0"
"95430","Sonoma",7,100,0,0,0,0,"100%","0%","0%","0%","0%",-1,-1,-1,"No Data","No Data","No Data"
"95431","Sonoma",196,82.1428571428571,5.61224489795918,5.10204081632653,3.57142857142857,3.57142857142857,"82.14%","5.61%","5.1%","3.57%","3.57%",-1,-1,-1,"No Data","No Data","No Data"
"94122","San Francisco",62131,37.5786644348232,1.78010976807069,45.7130900838551,7.68215544575172,7.24598026749932,"37.58%","1.78%","45.71%","7.68%","7.25%",62131,353,568.154383480066,"62,131","353","568"
"94130","San Francisco",3064,26.8929503916449,19.7454308093995,11.5861618798956,29.11227154047,12.6631853785901,"26.89%","19.75%","11.59%","29.11%","12.66%",3064,47,1533.94255874674," 3,064","47","1534"
"94401","San Mateo",35414,32.2556051279155,2.97340035014401,18.5745750268255,36.4347433218501,9.76167617326481,"32.26%","2.97%","18.57%","36.43%","9.76%",-1,-1,-1,"No Data","No Data","No Data"
"94502","Alameda",14619,36.2199876872563,3.48861071208701,43.4913468773514,9.32348313838156,7.47657158492373,"36.22%","3.49%","43.49%","9.32%","7.48%",14061,77,547.61396771,"14,061","77","548"
"94508","Napa",4298,53.6528617961843,6.7240577012564,12.6105165193113,23.2201023731968,3.79246161005119,"53.65%","6.72%","12.61%","23.22%","3.79%",-1,-1,-1,"No Data","No Data","No Data"
"94525","Contra Costa",3094,62.4111182934712,3.16742081447964,3.03813833225598,22.4628312863607,8.92049127343245,"62.41%","3.17%","3.04%","22.46%","8.92%",-1,-1,-1,"No Data","No Data","No Data"
"94534","Solano",38444,44.9198834668609,8.56310477577776,21.7355113931953,16.8660909374675,7.91540942669857,"44.92%","8.56%","21.74%","16.87%","7.92%",-1,-1,-1,"No Data","No Data","No Data"
"95444","Sonoma",715,70.6293706293706,0,0,19.3006993006993,10.0699300699301,"70.63%","0%","0%","19.3%","10.07%",-1,-1,531.9,"No Data","No Data","532"
"95486","Sonoma",73,68.4931506849315,0,0,31.5068493150685,0,"68.49%","0%","0%","31.51%","0%",-1,-1,-1,"No Data","No Data","No Data"
"94548","Contra Costa",501,79.8403193612775,0,0,20.1596806387226,0,"79.84%","0%","0%","20.16%","0%",-1,-1,-1,"No Data","No Data","No Data"
"94558","Napa",69142,57.8577420381244,0.724595759451563,3.3452894044141,35.3460993318099,2.72627346619999,"57.86%","0.72%","3.35%","35.35%","2.73%",-1,-1,-1,"No Data","No Data","No Data"
"94568","Alameda",54420,37.0066152149945,3.83314957736126,42.0709298052187,10.9371554575524,6.15214994487321,"37.01%","3.83%","42.07%","10.94%","6.15%",68661,633,921.92074103,"68,661","633","922"
"94573","Napa",31,100,0,0,0,0,"100%","0%","0%","0%","0%",-1,-1,-1,"No Data","No Data","No Data"
"94574","Napa",8677,66.3362913449349,1.11789789097614,1.83243056355883,28.984672121701,1.72870807882909,"66.34%","1.12%","1.83%","28.98%","1.73%",-1,-1,-1,"No Data","No Data","No Data"
"94585","Solano",29599,29.1530119260786,19.9770262508869,19.7439102672388,24.6798878340484,6.44616372174736,"29.15%","19.98%","19.74%","24.68%","6.45%",-1,-1,-1,"No Data","No Data","No Data"
"94592","Solano",1087,33.670653173873,10.4875804967801,38.0864765409384,9.56761729530819,8.18767249310028,"33.67%","10.49%","38.09%","9.57%","8.19%",-1,-1,-1,"No Data","No Data","No Data"
"94606","Alameda",38303,20.3822154922591,17.8210584027361,35.9867373312795,20.4187661540871,5.39122261963815,"20.38%","17.82%","35.99%","20.42%","5.39%",37481,812,2166.4309917,"37,481","812","2166"
"94613","Alameda",861,34.0301974448316,4.41347270615563,23.3449477351916,29.732868757259,8.47851335656214,"34.03%","4.41%","23.34%","29.73%","8.48%",0,0,0,"     0","0","0"
"94561","Contra Costa",41911,43.9860657106726,7.73066736656248,6.16544582567822,36.2721004032354,5.84572069385126,"43.99%","7.73%","6.17%","36.27%","5.85%",-1,-1,-1,"No Data","No Data","No Data"
"94105","San Francisco",9155,41.7804478427089,0.415073730202075,49.5030038230475,5.26488257782632,3.03659202621518,"41.78%","0.42%","49.5%","5.26%","3.04%",9155,140,1529.21900600765," 9,155","140","1529"
"95448","Sonoma",17482,67.486557602105,0.183045418144377,1.43576249856996,27.5540556000458,3.34057888113488,"67.49%","0.18%","1.44%","27.55%","3.34%",17891,56,313,"17,891","56","313"
"94002","San Mateo",27202,55.0878611866774,0.915373869568414,27.2737298728035,10.9330196309095,5.79001544004117,"55.09%","0.92%","27.27%","10.93%","5.79%",-1,-1,-1,"No Data","No Data","No Data"
"94949","Marin",17452,62.71487508595,3.7531515012606,10.0446940178776,14.2677057070823,9.21957368782948,"62.71%","3.75%","10.04%","14.27%","9.22%",-1,-1,-1,"No Data","No Data","No Data"
"94015","San Mateo",64887,16.5102408802996,2.91892058501703,58.7344152141415,17.5027355248355,4.33368779570638,"16.51%","2.92%","58.73%","17.5%","4.33%",-1,-1,-1,"No Data","No Data","No Data"
"94928","Sonoma",44103,58.9869169897739,2.37852300297032,5.58238668571299,28.6511121692402,4.40106115230256,"58.99%","2.38%","5.58%","28.65%","4.4%",45630,118,258.6,"45,630","118","259"
"94114","San Francisco",34754,70.1760948380043,2.24722334119814,12.9884329861311,8.81912873338321,5.76912010128331,"70.18%","2.25%","12.99%","8.82%","5.77%",34754,298,857.45525694884,"34,754","298","857"
"94553","Contra Costa",49699,62.4157427714843,3.00609670214692,9.03438700979899,20.2820982313527,5.26167528521701,"62.42%","3.01%","9.03%","20.28%","5.26%",-1,-1,-1,"No Data","No Data","No Data"
"95130","Santa Clara",14863,43.625109331898,2.4624907488394,34.2326582789477,15.2660970194443,4.41364462087062,"43.63%","2.46%","34.23%","15.27%","4.41%",14863,117,787,"14,863","117","787"
"94503","Napa",20306,22.9735053678716,7.48547227420467,35.2949867034374,27.750418595489,6.49561705899734,"22.97%","7.49%","35.29%","27.75%","6.5%",-1,-1,-1,"No Data","No Data","No Data"
"95391","Alameda",16562,27.1042144668518,8.93008090810289,41.1725637000362,15.2095157589663,7.58362516604275,"27.1%","8.93%","41.17%","15.21%","7.58%",0,0,0,"     0","0","0"
"94596","Contra Costa",20822,68.1490730957641,1.8345980213236,12.7413312842186,10.7098261454231,6.56517145327058,"68.15%","1.83%","12.74%","10.71%","6.57%",-1,-1,-1,"No Data","No Data","No Data"
"95401","Sonoma",38986,51.6595701020879,1.3030318575899,4.16559790694095,38.5471707792541,4.32462935412712,"51.66%","1.3%","4.17%","38.55%","4.32%",37077,136,366.8,"37,077","136","367"
"95046","Santa Clara",6025,41.5269709543568,0.962655601659751,3.46887966804979,50.5892116182573,3.45228215767635,"41.53%","0.96%","3.47%","50.59%","3.45%",6025,149,2473," 6,025","149","2473"
"94134","San Francisco",42471,10.5460196369287,7.51100751100751,56.5750747568929,22.0950766405312,3.27282145463964,"10.55%","7.51%","56.58%","22.1%","3.27%",42471,1151,2710.08452826635,"42,471","1151","2710"
"95407","Sonoma",42483,30.6404914907139,2.63399477438034,6.18364993056046,56.0341783772332,4.50768542711202,"30.64%","2.63%","6.18%","56.03%","4.51%",39118,236,603.3,"39,118","236","603"
"95625","Solano",67,74.6268656716418,0,0,25.3731343283582,0,"74.63%","0%","0%","25.37%","0%",-1,-1,-1,"No Data","No Data","No Data"
"94576","Napa",98,83.6734693877551,0,14.2857142857143,2.04081632653061,0,"83.67%","0%","14.29%","2.04%","0%",-1,-1,-1,"No Data","No Data","No Data"
"94963","Marin",498,96.7871485943775,0,0,3.21285140562249,0,"96.79%","0%","0%","3.21%","0%",-1,-1,-1,"No Data","No Data","No Data"
"95128","Santa Clara",37665,37.8043276251162,4.42585955130758,15.2661622195672,37.3901500066375,5.11350059737157,"37.8%","4.43%","15.27%","37.39%","5.11%",37665,555,1474,"37,665","555","1474"
"94512","Solano",16,100,0,0,0,0,"100%","0%","0%","0%","0%",-1,-1,-1,"No Data","No Data","No Data"
"94704","Alameda",29190,39.4347379239466,5.63549160671463,34.6111682082905,13.1517643028434,7.16683795820486,"39.43%","5.64%","34.61%","13.15%","7.17%",30116,254,843.40549874,"30,116","254","843"
"95122","Santa Clara",57780,3.07892004153686,1.28418137763932,34.8009691934926,57.8521979923849,2.98373139494635,"3.08%","1.28%","34.8%","57.85%","2.98%",57780,2292,3967,"57,780","2292","3967"
"94027","San Mateo",7444,69.1832348199893,0.832885545405696,21.4535196131112,4.6749059645352,3.85545405695862,"69.18%","0.83%","21.45%","4.67%","3.86%",-1,-1,-1,"No Data","No Data","No Data"
"95129","Santa Clara",39828,22.7277292357136,1.2704629908607,67.5554886009842,5.48609018780757,2.96022898463393,"22.73%","1.27%","67.56%","5.49%","2.96%",39828,212,532,"39,828","212","532"
"94538","Alameda",68111,19.8396734741819,3.88336685704218,51.9666426862034,19.1320051093069,5.1783118732657,"19.84%","3.88%","51.97%","19.13%","5.18%",66369,782,1178.26093508,"66,369","782","1178"
"95497","Sonoma",1161,83.8931955211025,0,0.775193798449612,15.3316106804479,0,"83.89%","0%","0.78%","15.33%","0%",-1,0,0,"No Data","0","0"
"94404","San Mateo",36905,38.9920065031839,2.3330172063406,46.1238314591519,7.95014225714673,4.60100257417694,"38.99%","2.33%","46.12%","7.95%","4.6%",-1,-1,-1,"No Data","No Data","No Data"
"94710","Alameda",7461,45.83835946924,16.1640530759952,8.29647500335076,21.1901889827101,8.51092346870393,"45.84%","16.16%","8.3%","21.19%","8.51%",8458,270,3192.24402932," 8,458","270","3192"
"94580","Alameda",29942,21.6852581657872,5.3035869347405,27.0856990181017,41.8241934406519,4.10126244071872,"21.69%","5.3%","27.09%","41.82%","4.1%",30055,559,1859.92347363,"30,055","559","1860"
"95035","Santa Clara",77562,11.0053892369975,2.98986617157887,66.7349990974962,14.9338593641216,4.33588612980583,"11.01%","2.99%","66.73%","14.93%","4.34%",77562,813,1048,"77,562","813","1048"
"94131","San Francisco",29902,57.457695137449,4.33081399237509,18.5539428800749,13.0593271353087,6.59822085479232,"57.46%","4.33%","18.55%","13.06%","6.6%",29902,230,769.17931910909,"29,902","230","769"
"94708","Contra Costa",11455,76.3509384548232,2.77608031427324,11.7241379310345,4.98472282845919,4.16412047140986,"76.35%","2.78%","11.72%","4.98%","4.16%",9131,34,372.35790165," 9,131","34","372"
"94526","Contra Costa",32539,79.5722056608992,0.817480561787394,10.7255908294662,5.73465687329051,3.15006607455669,"79.57%","0.82%","10.73%","5.73%","3.15%",-1,-1,-1,"No Data","No Data","No Data"
"94040","Santa Clara",35845,41.7687264611522,1.38094573859674,36.0189705677221,16.7498953828986,4.08146184963035,"41.77%","1.38%","36.02%","16.75%","4.08%",35845,363,1013,"35,845","363","1013"
"95409","Sonoma",27312,75.1574399531342,1.06912712360867,4.55477445811365,15.2350615114236,3.98359695371998,"75.16%","1.07%","4.55%","15.24%","3.98%",27283,49,179.6,"27,283","49","180"
"94118","San Francisco",41468,52.8865631330182,1.96537088839587,32.3960644352272,7.08256969229285,5.66943185106588,"52.89%","1.97%","32.4%","7.08%","5.67%",41468,318,766.856371177776,"41,468","318","767"
"94518","Contra Costa",28428,53.8412832418742,3.56690586745462,10.1625158294639,26.6955114675672,5.73378359364007,"53.84%","3.57%","10.16%","26.7%","5.73%",-1,-1,-1,"No Data","No Data","No Data"
"94087","Santa Clara",57219,37.3372481168843,1.0241353396599,49.5552176724515,7.65479997902795,4.42859889197644,"37.34%","1.02%","49.56%","7.65%","4.43%",57219,280,489,"57,219","280","489"
"94605","Alameda",43112,17.5357209129709,43.5076080905548,6.38105399888662,24.181202449434,8.39441454815365,"17.54%","43.51%","6.38%","24.18%","8.39%",42945,925,2153.91780184,"42,945","925","2154"
"95051","Santa Clara",58123,30.7675102799236,2.08523304027666,47.0571030401046,15.553223336717,4.53693030297817,"30.77%","2.09%","47.06%","15.55%","4.54%",58123,529,910,"58,123","529","910"
"94523","Contra Costa",35096,64.3150216548894,1.78937770686118,13.5143606108958,13.756553453385,6.62468657396854,"64.32%","1.79%","13.51%","13.76%","6.62%",-1,-1,-1,"No Data","No Data","No Data"
"94043","Santa Clara",31488,45.9095528455285,3.00749491869919,27.7248475609756,17.2923018292683,6.06580284552846,"45.91%","3.01%","27.72%","17.29%","6.07%",31488,264,838,"31,488","264","838"
"94555","Alameda",38388,14.6790663749088,3.03480254246119,69.2898822548713,8.5573616755236,4.43888715223507,"14.68%","3.03%","69.29%","8.56%","4.44%",38582,231,598.72479395,"38,582","231","599"
"94063","San Mateo",34503,19.1925339825522,2.25197808886184,8.01089760310698,67.2434281077008,3.30116221777816,"19.19%","2.25%","8.01%","67.24%","3.3%",-1,-1,-1,"No Data","No Data","No Data"
"95148","Santa Clara",48854,9.19679043681172,2.9741679289311,59.4649363409342,25.8750562901707,2.48904900315225,"9.2%","2.97%","59.46%","25.88%","2.49%",48854,761,1558,"48,854","761","1558"
"94618","Alameda",17041,68.552315004988,3.33900592688222,12.6283668798779,8.40913091954697,7.07118126870489,"68.55%","3.34%","12.63%","8.41%","7.07%",15947,60,376.24631592,"15,947","60","376"
"94559","Napa",27523,53.2500090833121,1.01006430984994,2.27809468444574,40.0719398321404,3.38989209025179,"53.25%","1.01%","2.28%","40.07%","3.39%",-1,-1,-1,"No Data","No Data","No Data"
"94901","Marin",42482,52.2315333553034,1.99613954145285,4.85852831787581,37.8819264629726,3.03187232239537,"52.23%","2%","4.86%","37.88%","3.03%",-1,-1,-1,"No Data","No Data","No Data"
"94611","Alameda",39384,63.878732480195,6.31220800325005,15.1635181799716,6.8149502335974,7.83059110298598,"63.88%","6.31%","15.16%","6.81%","7.83%",37425,288,769.53907816,"37,425","288","770"
"94305","Santa Clara",15730,47.1392244119517,3.3502860775588,27.4253019707565,14.596312778131,7.48887476160203,"47.14%","3.35%","27.43%","14.6%","7.49%",15730,43,273,"15,730","43","273"
"94020","San Mateo",1334,94.6776611694153,0.0749625187406297,0.899550224887556,1.87406296851574,2.47376311844078,"94.68%","0.07%","0.9%","1.87%","2.47%",-1,-1,-1,"No Data","No Data","No Data"
"94960","Marin",15725,86.7090620031797,0.820349761526232,3.94912559618442,6.23847376788553,2.28298887122417,"86.71%","0.82%","3.95%","6.24%","2.28%",-1,-1,-1,"No Data","No Data","No Data"
"95462","Sonoma",1265,90.4347826086957,0,1.42292490118577,5.29644268774704,2.84584980237154,"90.43%","0%","1.42%","5.3%","2.85%",-1,-1,76.4,"No Data","No Data","76"
"94609","Alameda",22811,44.7722589978519,23.3089299022401,11.1963526368857,12.5684976546403,8.15396080838192,"44.77%","23.31%","11.2%","12.57%","8.15%",23421,305,1302.25011742,"23,421","305","1302"
"95134","Santa Clara",27224,24.2616808698207,3.62547751983544,54.1323831913018,14.843520423156,3.13693799588598,"24.26%","3.63%","54.13%","14.84%","3.14%",27224,252,926,"27,224","252","926"
"94530","Contra Costa",25754,47.9537159276229,5.2690844140716,27.405451580337,11.5011260386736,7.87062203929487,"47.95%","5.27%","27.41%","11.5%","7.87%",-1,-1,-1,"No Data","No Data","No Data"
"94112","San Francisco",85166,15.1703731536059,3.07986755277928,51.0215344151422,27.465185637461,3.26303924101167,"15.17%","3.08%","51.02%","27.47%","3.26%",85166,2138,2510.39147077472,"85,166","2138","2510"
"95405","Sonoma",21448,75.0512868332712,1.20757180156658,4.81163744871317,14.2297650130548,4.69973890339426,"75.05%","1.21%","4.81%","14.23%","4.7%",21674,51,235.3,"21,674","51","235"
"94578","Alameda",41059,15.6628266640688,18.972697825081,25.5559073528337,35.765605591953,4.04296256606347,"15.66%","18.97%","25.56%","35.77%","4.04%",41044,892,2173.27745834,"41,044","892","2173"
"94946","Marin",694,77.3775216138329,1.29682997118156,1.5850144092219,19.7406340057637,0,"77.38%","1.3%","1.59%","19.74%","0%",-1,-1,-1,"No Data","No Data","No Data"
"95136","Santa Clara",47599,32.3284102607198,4.96649089266581,28.340931532175,28.525809365743,5.8383579486964,"32.33%","4.97%","28.34%","28.53%","5.84%",47599,891,1872,"47,599","891","1872"
"94587","Alameda",74601,14.6834492835217,4.90878138362757,54.3826490261525,20.5627270411925,5.46239326550582,"14.68%","4.91%","54.38%","20.56%","5.46%",72559,1099,1514.62947395,"72,559","1099","1515"
"94939","Marin",7108,85.4108047270681,0.309510410804727,3.81260551491277,5.74001125492403,4.72706809229038,"85.41%","0.31%","3.81%","5.74%","4.73%",-1,-1,-1,"No Data","No Data","No Data"
"94539","Alameda",52802,15.5429718571266,1.21775690314761,74.548312563918,4.02257490246582,4.66838377334192,"15.54%","1.22%","74.55%","4.02%","4.67%",55093,249,451.96304431,"55,093","249","452"
"94599","Napa",3078,80.4093567251462,2.56660168940871,2.01429499675114,12.4756335282651,2.53411306042885,"80.41%","2.57%","2.01%","12.48%","2.53%",-1,-1,-1,"No Data","No Data","No Data"
"94510","Solano",28262,63.6189937017904,5.70023352912037,10.9511004175218,13.1873186610997,6.54235369046777,"63.62%","5.7%","10.95%","13.19%","6.54%",-1,-1,-1,"No Data","No Data","No Data"
"94511","Contra Costa",2010,71.044776119403,2.43781094527363,0,25.5721393034826,0.945273631840796,"71.04%","2.44%","0%","25.57%","0.95%",-1,-1,-1,"No Data","No Data","No Data"
"94945","Marin",19035,68.7995797215655,1.06645652744944,5.43735224586288,20.073548726031,4.62306277909115,"68.8%","1.07%","5.44%","20.07%","4.62%",-1,-1,-1,"No Data","No Data","No Data"
"94924","Marin",1134,85.626102292769,0,3.96825396825397,2.11640211640212,8.28924162257496,"85.63%","0%","3.97%","2.12%","8.29%",-1,-1,-1,"No Data","No Data","No Data"
"94542","Alameda",14217,31.2794541745797,11.6269255117113,22.9443623830625,26.3628050924949,7.78645283815151,"31.28%","11.63%","22.94%","26.36%","7.79%",14094,206,1461.61487158,"14,094","206","1462"
"94930","Marin",8678,83.1873703618345,0.311131597142199,4.44802949988477,7.2597372666513,4.79373127448721,"83.19%","0.31%","4.45%","7.26%","4.79%",-1,-1,-1,"No Data","No Data","No Data"
"94129","San Francisco",3994,73.5353029544316,1.05157736604907,7.38607911867802,13.6454682023035,4.38157235853781,"73.54%","1.05%","7.39%","13.65%","4.38%",3994,47,1176.76514772158," 3,994","47","1177"
"95687","Solano",68069,49.6922240667558,11.3899131763358,7.44391720166302,23.708295993771,7.76564956147439,"49.69%","11.39%","7.44%","23.71%","7.77%",-1,-1,-1,"No Data","No Data","No Data"
"95131","Santa Clara",31170,10.837343599615,2.49278152069297,68.5017645171639,15.3320500481232,2.83606031440488,"10.84%","2.49%","68.5%","15.33%","2.84%",31170,344,1104,"31,170","344","1104"
"95014","Santa Clara",62430,24.9479416946981,0.898606439211917,67.4419349671632,3.74659618773026,2.96492071119654,"24.95%","0.9%","67.44%","3.75%","2.96%",62430,200,320,"62,430","200","320"
"95132","Santa Clara",41844,14.5110410094637,1.66332090622311,64.3580919606156,15.9067010802027,3.56084504349489,"14.51%","1.66%","64.36%","15.91%","3.56%",41844,472,1128,"41,844","472","1128"
"94582","Contra Costa",42059,28.7500891604651,2.84124681994341,57.6095484914049,4.72193822962981,6.07717729855679,"28.75%","2.84%","57.61%","4.72%","6.08%",-1,-1,-1,"No Data","No Data","No Data"
"94964","Marin",3418,20.1872440023406,24.3709771796372,7.05090696313634,36.7173785839672,11.6734932709187,"20.19%","24.37%","7.05%","36.72%","11.67%",-1,-1,-1,"No Data","No Data","No Data"
"94591","Solano",55334,26.8822062384791,15.4895724147902,29.9381935157408,20.101565041385,7.58846278960494,"26.88%","15.49%","29.94%","20.1%","7.59%",-1,-1,-1,"No Data","No Data","No Data"
"94583","Contra Costa",35102,50.4187795567204,1.95145575750669,31.0324198051393,10.3555352971341,6.24180958349952,"50.42%","1.95%","31.03%","10.36%","6.24%",-1,-1,-1,"No Data","No Data","No Data"
"94603","Alameda",34593,4.0123724452924,28.7630445465846,5.3970456450727,57.7660220275778,4.06151533547249,"4.01%","28.76%","5.4%","57.77%","4.06%",32296,1645,5093.5100322,"32,296","1645","5094"
"95050","Santa Clara",39452,41.8331136571023,3.67788705262091,24.470242319781,24.5133326574065,5.50542431308932,"41.83%","3.68%","24.47%","24.51%","5.51%",39452,580,1470,"39,452","580","1470"
"94929","Marin",219,83.1050228310502,0,0,16.8949771689498,0,"83.11%","0%","0%","16.89%","0%",-1,-1,-1,"No Data","No Data","No Data"
"94565","Contra Costa",96081,18.1669632913896,14.9935991507166,13.433457187165,46.7730352515065,6.63294511922232,"18.17%","14.99%","13.43%","46.77%","6.63%",-1,-1,-1,"No Data","No Data","No Data"
"95412","Sonoma",402,61.9402985074627,0,1.49253731343284,15.6716417910448,20.8955223880597,"61.94%","0%","1.49%","15.67%","20.9%",-1,0,0,"No Data","0","0"
"95138","Santa Clara",20766,24.5834537224309,2.8026581912742,50.0770490224405,19.1948377154965,3.34200134835789,"24.58%","2.8%","50.08%","19.19%","3.34%",20766,268,1291,"20,766","268","1291"
"94509","Contra Costa",66933,31.4254553060523,17.070802145429,7.22214752065498,38.9165284687673,5.36506655909641,"31.43%","17.07%","7.22%","38.92%","5.37%",-1,-1,-1,"No Data","No Data","No Data"
"95620","Solano",21854,47.91342545987,2.08199871877002,3.89402397730393,41.2189988102864,4.89155303376956,"47.91%","2.08%","3.89%","41.22%","4.89%",-1,-1,-1,"No Data","No Data","No Data"
"94546","Alameda",44272,50.1535959522949,5.80502349114565,21.5237621973256,16.4166967835201,6.10092157571377,"50.15%","5.81%","21.52%","16.42%","6.1%",44888,541,1205.22188558,"44,888","541","1205"
"94547","Contra Costa",25343,17.9063252180089,14.9469281458391,45.8351418537663,14.8995777926844,6.4120269897013,"17.91%","14.95%","45.84%","14.9%","6.41%",-1,-1,-1,"No Data","No Data","No Data"
"94556","Contra Costa",16368,70.7478005865103,0.696480938416422,16.2512218963832,6.20723362658847,6.09726295210166,"70.75%","0.7%","16.25%","6.21%","6.1%",-1,-1,-1,"No Data","No Data","No Data"
"94060","San Mateo",1081,65.4949121184089,0,1.38760407030527,20.4440333024977,12.6734505087882,"65.49%","0%","1.39%","20.44%","12.67%",-1,-1,-1,"No Data","No Data","No Data"
"95688","Solano",37227,56.9532865930642,5.07158782604024,6.72092835844951,25.6399924785774,5.6142047438687,"56.95%","5.07%","6.72%","25.64%","5.61%",-1,-1,-1,"No Data","No Data","No Data"
"94074","San Mateo",197,36.5482233502538,0,0,27.4111675126904,36.0406091370558,"36.55%","0%","0%","27.41%","36.04%",-1,-1,-1,"No Data","No Data","No Data"
"94545","Alameda",32525,14.4965411222137,7.63720215219062,38.5119139123751,29.9615680245965,9.39277478862413,"14.5%","7.64%","38.51%","29.96%","9.39%",32533,664,2041.00451849,"32,533","664","2041"
"94520","Contra Costa",38568,29.5452188342668,4.94710640945862,12.1888612321095,48.2939224227339,5.02489110143124,"29.55%","4.95%","12.19%","48.29%","5.02%",-1,-1,-1,"No Data","No Data","No Data"
"94531","Contra Costa",43788,25.1644286105782,24.0865077190098,15.6481227733626,25.4681647940075,9.63277610304193,"25.16%","24.09%","15.65%","25.47%","9.63%",-1,-1,-1,"No Data","No Data","No Data"
"94304","Santa Clara",3902,64.1209636084059,2.74218349564326,23.0138390568939,6.71450538185546,3.40850845720144,"64.12%","2.74%","23.01%","6.71%","3.41%",3902,31,794," 3,902","31","794"
"94022","Santa Clara",19378,61.3479203220147,0.572814531943441,29.9927753122097,3.28207245329755,4.80441738053463,"61.35%","0.57%","29.99%","3.28%","4.8%",19378,129,666,"19,378","129","666"
"94024","Santa Clara",23961,60.1310462835441,0.242060014189725,28.9470389382747,5.36705479737907,5.31279996661241,"60.13%","0.24%","28.95%","5.37%","5.31%",23961,107,447,"23,961","107","447"
"94505","Contra Costa",16251,66.4451418374254,4.96584825549197,5.90117531228847,17.8512091563596,4.83662543843456,"66.45%","4.97%","5.9%","17.85%","4.84%",0,0,0,"     0","0","0"
"94506","Contra Costa",25258,63.1443503048539,1.40945443027952,23.5093831657297,7.44714545886452,4.48966664027239,"63.14%","1.41%","23.51%","7.45%","4.49%",-1,-1,-1,"No Data","No Data","No Data"
"94306","Santa Clara",27549,51.0980434861519,1.57537478674362,35.5911285346111,6.71893716650332,5.01651602599005,"51.1%","1.58%","35.59%","6.72%","5.02%",27549,153,555,"27,549","153","555"
"94402","San Mateo",25764,57.3823940381928,1.41282409563732,22.0307405682347,13.9846297158826,5.18941158205248,"57.38%","1.41%","22.03%","13.98%","5.19%",-1,-1,-1,"No Data","No Data","No Data"
"94028","San Mateo",6868,81.1444379732091,0.203843913803145,7.22189866045428,6.71228887594642,4.71753057658707,"81.14%","0.2%","7.22%","6.71%","4.72%",-1,-1,-1,"No Data","No Data","No Data"
"94037","San Mateo",2692,84.5468053491828,0,1.2258543833581,7.31797919762259,6.90936106983655,"84.55%","0%","1.23%","7.32%","6.91%",-1,-1,-1,"No Data","No Data","No Data"
"94044","San Mateo",39065,53.0986816843722,1.86100089594266,19.6749008063484,18.9223089722258,6.44310764111097,"53.1%","1.86%","19.67%","18.92%","6.44%",-1,-1,-1,"No Data","No Data","No Data"
"94116","San Francisco",47823,31.8256905673003,2.08477092612341,52.2928298099241,8.38717771783451,5.40953097881772,"31.83%","2.08%","52.29%","8.39%","5.41%",47823,254,531.12519080777,"47,823","254","531"
"94121","San Francisco",43795,41.0160977280512,1.86550976138829,44.6146820413289,6.03036876355748,6.47334170567416,"41.02%","1.87%","44.61%","6.03%","6.47%",43795,288,657.609316131979,"43,795","288","658"
"94514","Contra Costa",1461,58.7953456536619,2.25872689938398,1.50581793292266,35.3867214236824,2.05338809034908,"58.8%","2.26%","1.51%","35.39%","2.05%",0,0,0,"     0","0","0"
"94517","Contra Costa",13476,73.6568714752152,2.24844167408727,6.31493024636391,10.7672899970318,7.01246660730187,"73.66%","2.25%","6.31%","10.77%","7.01%",-1,-1,-1,"No Data","No Data","No Data"
"94533","Solano",75635,25.4181265287235,16.2160375487539,14.7907714682356,36.2900773451444,7.28498710914259,"25.42%","16.22%","14.79%","36.29%","7.28%",-1,-1,-1,"No Data","No Data","No Data"
"94536","Alameda",73855,28.3284814839889,3.39990521968722,46.5723376887144,16.5296865479656,5.1695890596439,"28.33%","3.4%","46.57%","16.53%","5.17%",73121,771,1054.41665185,"73,121","771","1054"
"94005","San Mateo",4692,43.8832054560955,6.01023017902813,27.7067348678602,18.8405797101449,3.55924978687127,"43.88%","6.01%","27.71%","18.84%","3.56%",-1,-1,-1,"No Data","No Data","No Data"
"94010","San Mateo",42730,56.0800374444184,1.37608237772057,26.7282939386848,10.0257430376784,5.78984320149778,"56.08%","1.38%","26.73%","10.03%","5.79%",-1,-1,-1,"No Data","No Data","No Data"
"94014","San Mateo",49515,9.38705442795113,2.93446430374634,51.3440371604564,33.0505907300818,3.28385337776431,"9.39%","2.93%","51.34%","33.05%","3.28%",-1,-1,-1,"No Data","No Data","No Data"
"94021","San Mateo",436,63.5321100917431,0,0,36.4678899082569,0,"63.53%","0%","0%","36.47%","0%",-1,-1,-1,"No Data","No Data","No Data"
"94501","Alameda",63843,44.2632708362702,7.79568629293736,27.7759503782717,12.5980921949157,7.56700029760506,"44.26%","7.8%","27.78%","12.6%","7.57%",63522,524,824.91105444,"63,522","524","825"
"94065","San Mateo",12579,40.527863900151,1.99538914063121,41.251291835599,9.16607043485174,7.05938468876699,"40.53%","2%","41.25%","9.17%","7.06%",-1,-1,-1,"No Data","No Data","No Data"
"94070","San Mateo",31049,68.8202518599633,0.518535218525556,15.7106509066315,8.55422074785017,6.39634126702953,"68.82%","0.52%","15.71%","8.55%","6.4%",-1,-1,-1,"No Data","No Data","No Data"
"94107","San Francisco",29689,48.7116440432483,5.0523763009869,30.0279564821988,11.1893293812523,5.01869379231365,"48.71%","5.05%","30.03%","11.19%","5.02%",29689,472,1589.81440937721,"29,689","472","1590"
"94109","San Francisco",56677,54.1136616264093,4.43742611641407,26.6316142350513,10.7380418864795,4.07925613564585,"54.11%","4.44%","26.63%","10.74%","4.08%",56677,858,1513.84159359176,"56,677","858","1514"
"94080","San Mateo",67597,20.2227909522612,1.66131633060639,39.4159504120005,33.6523810228265,5.04756128230543,"20.22%","1.66%","39.42%","33.65%","5.05%",-1,-1,-1,"No Data","No Data","No Data"
"94102","San Francisco",31067,34.9502687739402,9.91405671612966,29.2078411175846,20.996555830946,4.93127756139956,"34.95%","9.91%","29.21%","21%","4.93%",31067,903,2906.62117359256,"31,067","903","2907"
"94103","San Francisco",28735,32.723159909518,8.46702627457804,30.5724725943971,20.1914042108926,8.04593701061423,"32.72%","8.47%","30.57%","20.19%","8.05%",28735,757,2634.41795719506,"28,735","757","2634"
"94123","San Francisco",25941,78.8905593462087,1.18730966423808,8.91253228480012,7.1546971974866,3.85490150726649,"78.89%","1.19%","8.91%","7.15%","3.85%",25941,295,1137.19594464361,"25,941","295","1137"
"94127","San Francisco",21423,48.3545721887691,2.74471362554264,32.6985016104187,10.4887270690379,5.71348550623162,"48.35%","2.74%","32.7%","10.49%","5.71%",21423,155,723.52144891005,"21,423","155","724"
"94128","San Mateo",135,36.2962962962963,0,0,33.3333333333333,30.3703703703704,"36.3%","0%","0%","33.33%","30.37%",-1,-1,-1,"No Data","No Data","No Data"
"94301","Santa Clara",17191,64.952591472282,1.89052411145367,21.9300796928625,5.2062125530801,6.02059217032168,"64.95%","1.89%","21.93%","5.21%","6.02%",17191,141,820,"17,191","141","820"
"94598","Contra Costa",27780,66.5334773218142,1.51547876169906,16.5154787616991,10.1259899208063,5.30957523398128,"66.53%","1.52%","16.52%","10.13%","5.31%",-1,-1,-1,"No Data","No Data","No Data"
"94923","Sonoma",846,94.9172576832151,0,0,5.08274231678487,0,"94.92%","0%","0%","5.08%","0%",-1,-1,138.7,"No Data","No Data","139"
"94586","Alameda",899,81.0901001112347,0.444938820912125,8.34260289210233,9.67741935483871,0.444938820912125,"81.09%","0.44%","8.34%","9.68%","0.44%",1041,13,1248.79923151," 1,041","13","1249"
"94588","Alameda",36316,45.4290120057275,1.88897455666924,40.7120828285053,7.5201013327459,4.44982927635202,"45.43%","1.89%","40.71%","7.52%","4.45%",32788,278,847.87117238,"32,788","278","848"
"95450","Sonoma",298,86.241610738255,4.02684563758389,0.671140939597315,8.05369127516778,1.00671140939597,"86.24%","4.03%","0.67%","8.05%","1.01%",-1,-1,268.1,"No Data","No Data","268"
"95030","Santa Clara",13288,78.5445514750151,0.639674894641782,11.4087898856111,6.84828416616496,2.55869957856713,"78.54%","0.64%","11.41%","6.85%","2.56%",13288,81,610,"13,288","81","610"
"94579","Alameda",22040,22.7495462794918,4.73684210526316,48.489110707804,19.6370235934664,4.38747731397459,"22.75%","4.74%","48.49%","19.64%","4.39%",20385,266,1304.88103998,"20,385","266","1305"
"94551","Alameda",45753,51.7605402924398,1.80753174655214,18.6567001070968,23.4432714794658,4.33195637444539,"51.76%","1.81%","18.66%","23.44%","4.33%",40466,652,1611.22918005,"40,466","652","1611"
"94806","Contra Costa",64410,12.181338301506,14.275733581742,17.6975624902965,51.1799410029499,4.66542462350567,"12.18%","14.28%","17.7%","51.18%","4.67%",-1,-1,-1,"No Data","No Data","No Data"
"94552","Alameda",15412,33.5452893848949,9.05787697897742,41.2989878017129,9.99221385933039,6.10563197508435,"33.55%","9.06%","41.3%","9.99%","6.11%",15034,107,711.7201011,"15,034","107","712"
"94903","Marin",30048,71.2326943556975,1.88032481363152,7.75425985090522,12.5898562300319,6.54286474973376,"71.23%","1.88%","7.75%","12.59%","6.54%",-1,-1,-1,"No Data","No Data","No Data"
"94920","Marin",12797,82.7850277408768,0.421973900132844,4.00093771977807,7.46268656716418,5.32937407204814,"82.79%","0.42%","4%","7.46%","5.33%",-1,-1,-1,"No Data","No Data","No Data"
"94922","Sonoma",603,74.9585406301824,2.48756218905473,0,22.5538971807629,0,"74.96%","2.49%","0%","22.55%","0%",-1,-1,716.8,"No Data","No Data","717"
"95054","Santa Clara",24264,24.4353775140125,3.28882294757666,57.6615562149687,10.6577645895153,3.9564787339268,"24.44%","3.29%","57.66%","10.66%","3.96%",24264,307,1265,"24,264","307","1265"
"94589","Solano",30668,17.989435241946,22.7729229163949,22.6196687100561,31.0616929698709,5.5562801617321,"17.99%","22.77%","22.62%","31.06%","5.56%",-1,-1,-1,"No Data","No Data","No Data"
"94595","Contra Costa",17938,81.4806555914818,2.04036124428587,9.01995763184302,5.45768759058981,2.00133794179953,"81.48%","2.04%","9.02%","5.46%","2%",-1,-1,-1,"No Data","No Data","No Data"
"94597","Contra Costa",22734,63.3984340635172,1.71989091228996,18.2370018474532,10.8515879299727,5.79308524676696,"63.4%","1.72%","18.24%","10.85%","5.79%",-1,-1,-1,"No Data","No Data","No Data"
"94937","Marin",816,72.1813725490196,0,0,26.9607843137255,0.857843137254902,"72.18%","0%","0%","26.96%","0.86%",-1,-1,-1,"No Data","No Data","No Data"
"94941","Marin",32013,81.0826851591541,1.03083122481492,6.3911535938525,6.35991628400962,5.13541373816887,"81.08%","1.03%","6.39%","6.36%","5.14%",-1,-1,-1,"No Data","No Data","No Data"
"94607","Alameda",26254,22.1680505827683,31.5951854955435,26.7425916050888,14.0283385388893,5.46583377771006,"22.17%","31.6%","26.74%","14.03%","5.47%",28264,458,1620.43589018,"28,264","458","1620"
"94925","Marin",9866,78.5728765457125,1.52037299817555,5.53415771335901,8.22015001013582,6.15244273261707,"78.57%","1.52%","5.53%","8.22%","6.15%",-1,-1,-1,"No Data","No Data","No Data"
"94931","Sonoma",8601,72.956632949657,2.38344378560632,1.74398325776073,18.2653179862807,4.65062202069527,"72.96%","2.38%","1.74%","18.27%","4.65%",8923,29,325," 8,923","29","325"
"94563","Contra Costa",19341,72.0283335918515,1.25122796132568,15.5834755183289,5.51677782948141,5.62018509901246,"72.03%","1.25%","15.58%","5.52%","5.62%",-1,-1,-1,"No Data","No Data","No Data"
"94938","Marin",790,92.7848101265823,0,0,0,7.21518987341772,"92.78%","0%","0%","0%","7.22%",-1,-1,-1,"No Data","No Data","No Data"
"94940","Marin",234,71.3675213675214,0,0,0,28.6324786324786,"71.37%","0%","0%","0%","28.63%",-1,-1,-1,"No Data","No Data","No Data"
"95070","Santa Clara",31308,43.5894978919126,0.459946339593714,48.7638942123419,3.2292065925642,3.95745496358758,"43.59%","0.46%","48.76%","3.23%","3.96%",31308,176,562,"31,308","176","562"
"94549","Contra Costa",29639,74.034211680556,1.08303249097473,12.3857080198387,7.92199466918587,4.57505313944465,"74.03%","1.08%","12.39%","7.92%","4.58%",-1,-1,-1,"No Data","No Data","No Data"
"94608","Alameda",30289,40.4767407309584,24.0219221499554,15.3818217834858,12.7372973686817,7.38221796691868,"40.48%","24.02%","15.38%","12.74%","7.38%",32602,388,1190.11103613,"32,602","388","1190"
"94612","Alameda",16062,31.3099240443282,26.5346781222762,26.5222263728054,9.6002988419873,6.03287261860291,"31.31%","26.53%","26.52%","9.6%","6.03%",19181,170,886.29372817,"19,181","170","886"
"95008","Santa Clara",46513,52.85834067895,3.08730892438673,20.8199858104186,18.1024659772537,5.13189860899104,"52.86%","3.09%","20.82%","18.1%","5.13%",46513,530,1139,"46,513","530","1139"
"94965","Marin",11408,70.9239130434783,7.81030855539972,4.94389901823282,12.7717391304348,3.55014025245442,"70.92%","7.81%","4.94%","12.77%","3.55%",-1,-1,-1,"No Data","No Data","No Data"
"94560","Alameda",46276,24.6283170541966,4.75840608522776,32.3234506007434,33.4644308064656,4.82539545336676,"24.63%","4.76%","32.32%","33.46%","4.83%",49183,759,1543.21615192,"49,183","759","1543"
"94619","Alameda",24308,33.6391311502386,21.9145960177719,19.2529208491032,17.2494651966431,7.94388678624321,"33.64%","21.91%","19.25%","17.25%","7.94%",23664,462,1952.3326572,"23,664","462","1952"
"94947","Marin",26573,68.5394949761036,2.53264591878975,6.32596996951793,17.6457306288338,4.95615850675498,"68.54%","2.53%","6.33%","17.65%","4.96%",-1,-1,-1,"No Data","No Data","No Data"
"94950","Marin",134,90.2985074626866,9.70149253731343,0,0,0,"90.3%","9.7%","0%","0%","0%",-1,-1,-1,"No Data","No Data","No Data"
"94621","Alameda",35287,3.8031002918922,29.9657097514665,2.46833111344121,60.3593391333919,3.40351970980814,"3.8%","29.97%","2.47%","60.36%","3.4%",31847,1703,5347.44245926,"31,847","1703","5347"
"94702","Alameda",17092,48.3852094547157,18.2131991575006,12.5497308682425,12.6023870816756,8.24947343786567,"48.39%","18.21%","12.55%","12.6%","8.25%",16364,142,867.75849426,"16,364","142","868"
"94703","Alameda",21937,52.4228472443816,11.4509732415554,16.2829922049505,12.3262068651137,7.51698044399872,"52.42%","11.45%","16.28%","12.33%","7.52%",20296,200,985.41584549,"20,296","200","985"
"94566","Alameda",45910,56.7632324112394,1.91461555216728,25.9202788063603,10.4378131126116,4.96406011762143,"56.76%","1.91%","25.92%","10.44%","4.96%",47061,378,803.21285141,"47,061","378","803"
"94572","Contra Costa",10411,25.098453558736,14.7632311977716,16.5305926423975,33.6086831236193,9.99903947747575,"25.1%","14.76%","16.53%","33.61%","10%",-1,-1,-1,"No Data","No Data","No Data"
"94577","Alameda",48088,26.2581101314257,10.7656795874231,28.6661953086009,28.7514556646149,5.55855930793545,"26.26%","10.77%","28.67%","28.75%","5.56%",48690,883,1813.5140686,"48,690","883","1814"
"94705","Alameda",13365,71.7471006359895,3.17994762439207,12.3456790123457,7.69921436588103,5.02805836139169,"71.75%","3.18%","12.35%","7.7%","5.03%",12914,85,658.20040266,"12,914","85","658"
"94707","Alameda",11916,74.7650218194025,1.6028868747902,10.918093319906,4.85901309164149,7.85498489425982,"74.77%","1.6%","10.92%","4.86%","7.85%",9445,31,328.21598729," 9,445","31","328"
"94970","Marin",689,88.9695210449927,1.30624092888244,0,6.09579100145138,3.62844702467344,"88.97%","1.31%","0%","6.1%","3.63%",-1,-1,-1,"No Data","No Data","No Data"
"95002","Santa Clara",2146,20.2236719478099,3.68126747437092,16.6356011183597,56.663560111836,2.79589934762349,"20.22%","3.68%","16.64%","56.66%","2.8%",2146,51,2377," 2,146","51","2377"
"95032","Santa Clara",26281,68.5400098930786,1.64757809824588,16.2474791674594,8.23028043072942,5.33465241048666,"68.54%","1.65%","16.25%","8.23%","5.33%",26281,206,784,"26,281","206","784"
"94804","Contra Costa",41510,16.7092266923633,23.5581787521079,13.8737653577451,39.6145507106721,6.24427848711154,"16.71%","23.56%","13.87%","39.61%","6.24%",-1,-1,-1,"No Data","No Data","No Data"
"94805","Contra Costa",14208,33.7978603603604,13.4572072072072,14.6326013513514,33.9667792792793,4.1455518018018,"33.8%","13.46%","14.63%","33.97%","4.15%",-1,-1,-1,"No Data","No Data","No Data"
"95120","Santa Clara",37774,51.265420659713,1.94578281357548,34.6481706994229,6.54947847725949,5.59114735002912,"51.27%","1.95%","34.65%","6.55%","5.59%",37774,257,680,"37,774","257","680"
"95135","Santa Clara",22358,26.0220055461132,1.37758296806512,55.3045889614456,14.1560067984614,3.13981572591466,"26.02%","1.38%","55.3%","14.16%","3.14%",22358,122,546,"22,358","122","546"
"95121","Santa Clara",38102,9.209490315469,2.91323290116004,56.5849561702798,28.1061361608315,3.18618445225972,"9.21%","2.91%","56.58%","28.11%","3.19%",38102,718,1884,"38,102","718","1884"
"95123","Santa Clara",67186,40.2107581936713,3.83859732682404,23.0122346917513,27.4104724198494,5.52793736790403,"40.21%","3.84%","23.01%","27.41%","5.53%",67186,1106,1646,"67,186","1106","1646"
"95124","Santa Clara",51170,56.359194840727,1.47547391049443,20.6976744186046,16.8829392222005,4.58471760797342,"56.36%","1.48%","20.7%","16.88%","4.58%",51170,396,774,"51,170","396","774"
"95125","Santa Clara",53574,54.4816515473924,1.95617277037369,14.0049277634674,24.1908388397357,5.36640907903087,"54.48%","1.96%","14%","24.19%","5.37%",53574,796,1486,"53,574","796","1486"
"95126","Santa Clara",35988,38.8296098699567,5.10447927086807,16.1692786484384,34.2114038012671,5.68522840946982,"38.83%","5.1%","16.17%","34.21%","5.69%",35988,715,1987,"35,988","715","1987"
"95403","Sonoma",45355,54.6488810494984,2.57964943225664,4.79770697828244,31.9832433028332,5.99051923712931,"54.65%","2.58%","4.8%","31.98%","5.99%",43997,166,377.3,"43,997","166","377"
"95127","Santa Clara",65686,13.6178181043145,1.50108090003958,23.82699509789,58.2650793167494,2.78902658100661,"13.62%","1.5%","23.83%","58.27%","2.79%",65686,2045,3113,"65,686","2045","3113"
"95442","Sonoma",3136,84.375,0.159438775510204,0,6.91964285714286,8.54591836734694,"84.38%","0.16%","0%","6.92%","8.55%",3927,12,305.6," 3,927","12","306"
"95110","Santa Clara",20203,19.4822551106271,3.26684155818443,13.5722417462753,60.9711428995694,2.70751868534376,"19.48%","3.27%","13.57%","60.97%","2.71%",20203,732,3623,"20,203","732","3623"
"95111","Santa Clara",62392,8.99794845493012,2.3208103603026,35.1904090267983,50.6026413642775,2.8881907936915,"9%","2.32%","35.19%","50.6%","2.89%",62392,2019,3236,"62,392","2019","3236"
"95112","Santa Clara",61060,23.2427120864723,3.98296757287914,25.1375696036685,42.3157549950868,5.32099574189322,"23.24%","3.98%","25.14%","42.32%","5.32%",61060,1309,2144,"61,060","1309","2144"
"95116","Santa Clara",56481,6.73677873975319,2.40080735114463,23.8133177528726,64.3349090844709,2.71418707175864,"6.74%","2.4%","23.81%","64.33%","2.71%",56481,2010,3559,"56,481","2010","3559"
"95118","Santa Clara",32560,50.4176904176904,1.97481572481572,18.1449631449631,23.3753071253071,6.08722358722359,"50.42%","1.97%","18.14%","23.38%","6.09%",32560,437,1342,"32,560","437","1342"
"95492","Sonoma",29920,59.1711229946524,0.638368983957219,2.8475935828877,33.6597593582888,3.6831550802139,"59.17%","0.64%","2.85%","33.66%","3.68%",28536,115,403,"28,536","115","403"
"94124","San Francisco",35363,7.66054916155304,26.05548171818,36.082911517688,24.7320645872805,5.46899301529848,"7.66%","26.06%","36.08%","24.73%","5.47%",35363,1662,4699.82750332268,"35,363","1662","4700"
"94303","Santa Clara",48039,24.2136597347988,7.29407356522825,18.3767355690168,39.9883428048044,10.1271883261517,"24.21%","7.29%","18.38%","39.99%","10.13%",-1,-1,-1,"No Data","No Data","No Data"
"94528","Contra Costa",307,100,0,0,0,0,"100%","0%","0%","0%","0%",-1,-1,-1,"No Data","No Data","No Data"
"94535","Solano",3857,54.679802955665,14.7523982369717,5.91133004926108,15.6079854809437,9.04848327715841,"54.68%","14.75%","5.91%","15.61%","9.05%",-1,-1,-1,"No Data","No Data","No Data"
"94544","Alameda",79235,14.0051744809743,8.72594181864075,23.0895437622263,48.0633558402221,6.11598409793652,"14.01%","8.73%","23.09%","48.06%","6.12%",78780,2404,3051.53592282,"78,780","2404","3052"
"95133","Santa Clara",28726,9.69156861379935,1.94597228991158,58.9117872310799,27.2296873912135,2.22098447399568,"9.69%","1.95%","58.91%","27.23%","2.22%",28726,532,1852,"28,726","532","1852"
"95436","Sonoma",6352,81.1555415617129,2.44017632241814,1.54282115869018,11.7915617128463,3.06989924433249,"81.16%","2.44%","1.54%","11.79%","3.07%",5102,13,254.8," 5,102","13","255"
"95446","Sonoma",5100,79.3921568627451,1.19607843137255,1.90196078431373,10.8039215686274,6.70588235294118,"79.39%","1.2%","1.9%","10.8%","6.71%",5657,13,229.8," 5,657","13","230"
"94904","Marin",12590,83.2486100079428,1.35027799841144,5.15488482922955,7.37887212073074,2.86735504368546,"83.25%","1.35%","5.15%","7.38%","2.87%",-1,-1,-1,"No Data","No Data","No Data"
"94951","Sonoma",4571,74.4038503609713,2.49398381098228,2.95340188142638,15.554583242179,4.59418070444104,"74.4%","2.49%","2.95%","15.55%","4.59%",4225,15,355," 4,225","15","355"
"94066","San Mateo",43124,32.5294499582599,1.25220294963361,30.4007049438828,27.5090436879696,8.30859846025415,"32.53%","1.25%","30.4%","27.51%","8.31%",-1,-1,-1,"No Data","No Data","No Data"
"94803","Contra Costa",26165,34.3168354672272,13.0900057328492,22.1096885151921,24.0741448499904,6.40932543474107,"34.32%","13.09%","22.11%","24.07%","6.41%",-1,-1,-1,"No Data","No Data","No Data"
"94957","Marin",1400,91.7857142857143,0.928571428571429,2.07142857142857,4.64285714285714,0.571428571428571,"91.79%","0.93%","2.07%","4.64%","0.57%",-1,-1,-1,"No Data","No Data","No Data"
"94521","Contra Costa",43103,63.8888244437742,2.53810639630652,11.6233208825372,17.1496183560309,4.80012992135118,"63.89%","2.54%","11.62%","17.15%","4.8%",-1,-1,-1,"No Data","No Data","No Data"
"94515","Napa",7436,58.6471221086606,0,4.38407746100054,34.5481441635288,2.42065626681011,"58.65%","0%","4.38%","34.55%","2.42%",-1,-1,693.2,"No Data","No Data","693"
"94041","Santa Clara",14394,48.8745310546061,1.81325552313464,25.3855773238849,20.2514936779214,3.67514242045297,"48.87%","1.81%","25.39%","20.25%","3.68%",14394,167,1160,"14,394","167","1160"
"94569","Contra Costa",205,100,0,0,0,0,"100%","0%","0%","0%","0%",-1,-1,-1,"No Data","No Data","No Data"
"94602","Alameda",29933,40.8378712457822,14.064744596265,20.2819630508135,16.8576487488725,7.9577723582668,"40.84%","14.06%","20.28%","16.86%","7.96%",30240,442,1461.64021164,"30,240","442","1462"
"94507","Contra Costa",15646,80.8002045251182,0.741403553623929,8.02761089096255,6.21884187651796,4.21193915377732,"80.8%","0.74%","8.03%","6.22%","4.21%",-1,-1,-1,"No Data","No Data","No Data"
"95465","Sonoma",2104,85.4087452471483,1.47338403041825,1.56844106463878,5.18060836501901,6.36882129277567,"85.41%","1.47%","1.57%","5.18%","6.37%",-1,-1,85.1,"No Data","No Data","85"
"94601","Alameda",52299,9.65984053232375,18.8110671332148,16.9563471576894,50.1577468020421,4.41499837472992,"9.66%","18.81%","16.96%","50.16%","4.41%",53676,2516,4687.38356062,"53,676","2516","4687"
"95452","Sonoma",970,90.2061855670103,0,1.23711340206186,1.54639175257732,7.01030927835052,"90.21%","0%","1.24%","1.55%","7.01%",-1,-1,81.6,"No Data","No Data","82"
"94085","Santa Clara",23612,20.6971031678807,2.46908351685584,39.0140606471286,34.092834152126,3.72691851600881,"20.7%","2.47%","39.01%","34.09%","3.73%",23612,349,1478,"23,612","349","1478"
"94519","Contra Costa",20121,53.0689329556185,2.19173997316237,12.0172953630535,25.4609611848318,7.26107052333383,"53.07%","2.19%","12.02%","25.46%","7.26%",-1,-1,-1,"No Data","No Data","No Data"
"94541","Alameda",66056,21.1472084292116,14.0168947559646,16.3391667675911,43.4767470025433,5.01998304468935,"21.15%","14.02%","16.34%","43.48%","5.02%",67027,1887,2815.28339326,"67,027","1887","2815"
"94403","San Mateo",44300,43.6749435665914,1.31828442437923,26.6952595936795,21.1896162528217,7.12189616252822,"43.67%","1.32%","26.7%","21.19%","7.12%",-1,-1,-1,"No Data","No Data","No Data"
"94971","Marin",288,78.4722222222222,0,9.72222222222222,0,11.8055555555556,"78.47%","0%","9.72%","0%","11.81%",-1,-1,-1,"No Data","No Data","No Data"
"94610","Alameda",31496,51.6287782575565,16.1353822707645,14.503429006858,11.1887223774448,6.54368808737617,"51.63%","16.14%","14.5%","11.19%","6.54%",30892,233,754.24058009,"30,892","233","754"
